age,income,score,zipcode,city
0.23809523809523814,0.8125,0.82,0.9536882906877201,Beverly
0.7619047619047619,0.625,0.91,0.0,New York
0.0,0.0,0.82,0.6017906401598022,Chicago
1.0,1.0,0.76,0.9999762199181966,SF
0.4285714285714284,0.625,0.88,0.7526395890801866,Austin
0.5714285714285714,0.4375,0.79,1.0,San Francisco
